,Location,Best Time of Day to Visit,Best Season to Visit,Location Type,Description,Google Maps Link,Five Star
0,"Park, Texas, Texas",afternoon,summer,other,"ITS A GOOD PLACE TO ENJOY ,VERY ATTRACTIVE AND CONDUCIVE ENVIRONMENT TO BE.",,3.182
1,"Bayou Burp Button, Houston, Texas",anytime,spring,natural,It's a very niche little spot that can cause a 'burp' like effect to happen. Can also surprise kayakers sometimes.,"https://www.google.com/maps/place/515+Preston+St,+Houston,+TX+77002/@29.7641651,-95.3659645,19z/data=!4m5!3m4!1s0x8640bf30e2b535f3:0x517898226fd9e10c!8m2!3d29.7643432!4d-95.3657164",3.824
2,"Buffalo Bayou, Houston, Texas",anytime,fall,waterfront,"Nice walking and bike trails, dog park, bike rentals, park for kids, special events.",https://www.google.com/maps/d/viewer?mid=1KtZkzw4cWzS_VnYTsX9wLhZfm1I&msa=0&ll=0%2C0&spn=0.016112%2C0.033023&z=13,3.889
3,"Holiday Inn Lubbock South, Lubbock, Texas",morning,summer,other,This restaurants is very useful to satay and taste more delicious foods. I would like to share my thoughts about this restaurants to my friends. It was very beautiful place to stay at this place.,"https://www.google.com/maps/place/Holiday+Inn+Lubbock+South/@33.5376824,-101.9521929,17z/data=!3m1!4b1!4m8!3m7!1s0x86fe73c38ab4fbc9:0x786b9a72ef7e3815!5m2!4m1!1i2!8m2!3d33.5376764!4d-101.9501387",4
4,"The Jay Cafe, Texas, Texas",anytime,any season,food,Keeping the old-school American diner tradition alive! The perfection that comes with every meal is unreal!,"https://www.google.com/maps/dir/-0.7056502,37.2472152/the+jay+cafe+texas+36+needville+tx/@1.3242201,-114.6524938,3z/data=!3m1!4b1!4m9!4m8!1m1!4e1!1m5!1m1!1s0x86410147b2e35c8f:0x52a90f8be2e4ec9d!2m2!1d-95.8003374!2d29.3660541",4.231
5,"Desert Gardens, Texas, Texas",morning,spring,natural,This is a great place to see gardens and escape to nature.,,4.333
6,"Menakshi Temple, Pearland, Texas",anytime,any season,other,So they can learn about hinduism and see how it is.,"https://www.google.com/maps/place/Sri+Meenakshi+Devasthanam/@29.5227511,-95.2998147,17z/data=!3m1!4b1!4m5!3m4!1s0x86409192d9172f81:0x6c7c6b470f074b4f!8m2!3d29.5227516!4d-95.2975911",4.333
7,"Le Bernardin, New York, Texas",afternoon,fall,food,Beautiful place for seafood but most tourists never find out about it.,"https://www.google.com/maps/dir//tourist+restaurants+in+new+york/@40.7615168,-74.0519039,12z/data=!3m1!4b1!4m9!4m8!1m1!4e2!1m5!1m1!1s0x89c258f890972255:0x1dc6c517addd0556!2m2!1d-73.981864!2d40.761538",4.412
8,"Casa De Castillo, Waco, Texas",afternoon,any season,food,"It has excellent Mexican food and has a traditional, relaxed atmosphere.  It does not follow trends and stays true to it's roots.",,4.444
9,"Koughan Memorial Water Tower Park, Round Rock, Texas",anytime,summer,historical,"One of the city's original water towers, this iconic edifice on a quarter-acre plot offers benches.","https://www.google.com/maps/place/Koughan+Memorial+Water+Tower+Park/@30.508854,-97.6796109,3a,75y,90t/data=!3m8!1e2!3m6!1sAF1QipPiB0g6hN-xXzetB_Yv0i5ExsxYxbX2b2NS_MYf!2e10!3e12!6shttps:%2F%2Flh5.googleusercontent.com%2Fp%2FAF1QipPiB0g6hN-xXzetB_Yv0i5ExsxYxbX2b2NS_MYf%3Dw86-h115-k-no!7i2648!8i3544!4m5!3m4!1s0x8644d194d37f53c1:0x84b947a0b057f6c7!8m2!3d30.508854!4d-97.6796109",4.5
10,"Carver Museum, Austin, Texas",morning,summer,museum,It's very big on African American heritage and culture. We've learned a lot from the Carver library people. They have shows and you can watch movies there about African American culture.,"https://www.google.com/maps/place/George+Washington+Carver+Museum/@30.2700396,-97.7261965,17z/data=!3m1!4b1!4m5!3m4!1s0x8644b4e8af347b4b:0x706ae40b8038434c!8m2!3d30.2700231!4d-97.7240869",4.6
11,"Samurai Collection, Dallas, Texas",morning,summer,museum,"The location is hidden upstairs and very safe place. The staff is amazing, they even look after the pets. The cultural experience is hands down one of the best I have ever experienced.","https://www.google.com/maps/place/The+Samurai+Collection/@32.7918595,-96.8087571,17z/data=!3m1!4b1!4m5!3m4!1s0x864e993a65cb3e53:0xdd8dc96375f3a9f3!8m2!3d32.7918595!4d-96.8065684",4.643
12,"Puerto Vallarta Grill, El Paso, Texas",anytime,summer,food,"Great service, good food at a fair price.","https://www.google.com/maps/place/Puerto+Vallarta+Grill/@31.7735265,-106.479572,17z/data=!3m1!4b1!4m5!3m4!1s0x86e759a8b17328bf:0xaf90573df904bf71!8m2!3d31.773481!4d-106.4773478",4.688
13,"San Antonio River Walk, Texas, Texas",afternoon,any season,waterfront,It is an amazing environment with favorable temperatures.,"https://www.google.com/maps/dir/-0.5378771,37.456192/San+Antonio+River+Walk/@0.9177318,-116.9503282,3z/",5
14,"Passport to Edan, Dallas, Texas",morning,spring,other,"A small garden with unique statues that you wouldn't normally see.  Cute little gazebos can be found throught the park area.  Some say it reminds them of Games of Thrones,",,5
15,"Reunion Tower, Dallas, Texas",evening,any season,food,"Not a lot of people know about the tower or even that there is a restaurant at the very top that slowly turns while you eat, giving you a view of the city.","https://www.google.com/maps/place/Reunion+Tower,+Dallas,+TX+75207/@32.7753462,-96.8111389,17z/data=!3m1!4b1!4m5!3m4!1s0x864e9913fa71418b:0x64f0e3e86a68d7f!8m2!3d32.7753462!4d-96.8089502",5
16,"Airfield Falls, Weatherford, Texas",afternoon,spring,waterfront,"After a walk of less than 10 minutes, visitors are treated to a beautiful, if small, waterfall with ample nearby seating and access to a major trail system.","https://www.google.com/maps/place/Airfield+Falls/@32.7652992,-97.4198907,17z/data=!3m1!4b1!4m5!3m4!1s0x864e7346ed55df9d:0x4960dce321a47fe5!8m2!3d32.7652947!4d-97.417702",5
17,"Little Gretel Restaurant, Texas, Texas",afternoon,summer,food,"Is a restaurant a must visit because they have the best meal of any choice you make and their customer service is top notch,They are very diligent in whatever they are doing with a good welcome greeting from the attendant,They have a conducive environment which you can chill after your meal","https://www.google.com/maps/place/Little+Gretel+Restaurant/@29.7897669,-98.7265295,17z/data=!3m1!4b1!4m5!3m4!1s0x865c76c87533b153:0xd53a13c1387086b6!8m2!3d29.7897621!4d-98.7243459",5
18,"McKinney Falls State Park, Austin, Texas",afternoon,spring,natural,An overlooked jaunt into nature practically in the midst of the urban core.,"https://www.google.com/maps/place/McKinney+Falls+State+Park/@30.1836487,-97.7221944,15z/data=!4m12!1m6!3m5!1s0x0:0xfb83098f6001c693!2sMcKinney+Falls+State+Park!8m2!3d30.1836487!4d-97.7221944!3m4!1s0x8644b3be3538b38b:0xfb83098f6001c693!8m2!3d30.1836487!4d-97.7221944",5
19,"The Waterwall, Houston, Texas",evening,summer,other,You get to see an awesome view of the waterwall. You can go and shop and hang out and take pictures. It is very cute.,"https://www.google.com/maps/place/Gerald+D.+Hines+Waterwall+Park/@29.736342,-95.461322,15z/data=!4m2!3m1!1s0x0:0xf43e0b60ae539ac9?sa=X&ved=2ahUKEwiSnK3vl7DwAhXFWc0KHXc2DLkQ_BIwFHoECB4QBQ",5
20,"Japanese Garden, Houston, Texas",morning,summer,natural,"Free and relaxing spot, that brings good vibes and memories!",https://www.google.com/maps?q=japanese+garden+houston&rlz=1C1NHXL_enUS733US745&um=1&ie=UTF-8&sa=X&ved=2ahUKEwjUzMaFz7LwAhVQvJ4KHftPA5kQ_AUoAnoECAEQBA,5
21,"Dallas Arboretum and Botanical Garden, Dallas, Texas",evening,summer,natural,"It taught me to enjoy the nature. I think the biggest benefit of getting outside is to enjoy the diversity and beauty found in the Dallas arboretum and botanical garden natural environments. Personally I feel thankful for the beautiful Dallas arboretum and botanical garden. Strolling through the Dallas arboretum and botanical garden cultivates curiosity and acute observation, which is a life-long pursuit","https://maps.google.com/maps/ms?msa=0&msid=207075320854772039830.0004c3d0248f071e8d331&hl=en&ie=UTF8&t=m&ll=32.823607,-96.716616&spn=0.003156,0.00456&z=17&output=embed",5
22,"Chamizal National Memorial, El Paso, Texas",anytime,any season,historical,It is a beautiful park with very nice hiking trails and a lot of historical interest.,"https://www.google.com/maps/place/Chamizal+National+Memorial+-+Park+Grounds/@31.7671438,-106.4564053,17z/data=!3m1!4b1!4m5!3m4!1s0x86e7597718060a57:0x2b97589386ba4c41!8m2!3d31.7671438!4d-106.4542166",5
23,"Mount Bonnell, Texas, Texas",afternoon,summer,historical,"Mount Bonnell, also known as Covert Park, is a prominent point alongside the Lake Austin portion of the Colorado River in Austin, Texas. It has been a popular tourist destination since the 1850s. The mount provides a vista for viewing the city of Austin, Lake Austin, and the surrounding hills.",,5
24,"Winspear Opera House, Dallas, Texas",afternoon,spring,other,"You can purchase drinks or snacks, including water, coffee, juices, and popcorn. Underground parking available as well as paid parking lots nearby. Lovely place, great selection of venues and excellent service.",https://www.google.com/maps?q=WINSPEAR+OPERA+HOUSE&um=1&ie=UTF-8&sa=X&ved=2ahUKEwjF44r25bDwAhWKK80KHaPDDcYQ_AUoAnoECAEQBA,5